1031,1056,4348498,4348516,146,44,28,16861,102,134,1362,1,0,80,0.4493,0.6756,0.72,0.0184,0.5682,0.6429,0.0,2.1644,1.3979,1.2553,-0.28,-0.0978,0.7281,Bumps
474,486,1352048,1352060,73,14,12,7241,86,118,1652,1,0,70,0.5738,0.4931,1.0,0.0073,0.8571,1.0,0.5,1.8633,1.0792,1.0792,0.0,-0.2251,0.2583,Other_Faults
869,877,899390,899399,52,9,9,5483,91,119,1626,1,0,70,0.9213,0.2778,0.8889,0.0049,0.8889,1.0,1.0,1.716,0.9031,0.9542,0.1111,-0.1762,0.1773,Bumps
9,14,1672180,1672222,128,12,42,11931,75,118,1373,0,1,40,0.0131,0.3905,0.1191,0.0036,0.4167,1.0,1.0,2.1072,0.6990000000000001,1.6233,0.8809,-0.2718,0.3509,Other_Faults
28,36,3213793,3213815,124,16,22,14618,97,141,1658,1,0,100,0.0338,0.2955,0.3636,0.0048,0.5,1.0,1.0,2.0934,0.9031,1.3424,0.6364,-0.079,0.3012,Other_Faults
1166,1185,2258648,2258662,123,33,17,15858,116,143,1708,1,0,100,0.6124,0.5376,0.7368,0.0111,0.5758,0.8235,0.0,2.0899,1.2787,1.1461,-0.2632,0.0072,0.4399,Z_Scratch
603,612,1266537,1266548,65,10,12,6757,95,115,1358,1,0,70,0.8881,0.3434,0.8182,0.0066,0.9,0.9167,1.0,1.8129,0.9542,1.0414,0.1818,-0.1879,0.2051,Z_Scratch
947,960,1388292,1388304,107,15,12,10416,65,119,1690,1,0,60,0.8639,0.3141,0.9231,0.0077,0.8667,1.0,0.0,2.0294,1.1139,1.0792,-0.0769,-0.2395,0.2739,Bumps
39,181,2563319,2563376,5261,190,107,553974,46,127,1400,0,1,40,0.0557,0.35,0.4014,0.1014,0.7474,0.5327,0.0,3.7211,2.1523,1.7559,-0.5986,-0.1774,1.0,K_Scatch
1201,1213,3496093,3496125,275,19,32,28986,78,127,1362,0,1,40,0.2188,0.2839,0.375,0.0088,0.6316,1.0,1.0,2.4393,1.0792,1.5051,0.625,-0.1765,0.633,Pastry
259,270,88576,88613,204,28,37,16370,71,93,1692,0,1,300,0.3061,0.4988,0.2973,0.0065,0.3929,1.0,1.0,2.3096,1.0414,1.5682,0.7027,-0.3731,0.6678,Other_Faults
919,928,578380,578392,88,10,13,14808,148,182,1387,0,1,40,0.6619,0.1852,0.75,0.0065,0.9,0.9231,1.0,1.9445,0.9542,1.0792,0.25,0.3146,0.215,K_Scatch
857,865,211983,211993,52,8,10,9968,178,207,1387,0,1,40,0.7527,0.35,0.8,0.0058,1.0,1.0,1.0,1.716,0.9031,1.0,0.2,0.4976,0.1852,K_Scatch
39,210,1463330,1463399,6399,229,124,659350,39,119,1356,0,1,40,0.0575,0.4577,0.4035,0.1261,0.7467,0.5565,0.0,3.8061,2.233,1.8389,-0.5965,-0.195,1.0,K_Scatch
365,374,1084192,1084238,265,39,46,26849,88,119,1372,0,1,40,0.5321,0.3599,0.1956,0.0066,0.2308,1.0,1.0,2.4232,0.9542,1.6628,0.8044,-0.2085,0.6781,Other_Faults
1161,1170,2520749,2520772,162,14,23,14626,73,124,1360,1,0,80,0.2794,0.2174,0.3913,0.0066,0.6429,1.0,1.0,2.2095,0.9542,1.3617,0.6087,-0.2947,0.3464,Bumps
517,626,982032,982049,955,136,80,104555,99,119,1666,0,1,40,0.6206,0.4846,0.156,0.0654,0.8015,0.2125,0.0,2.98,2.0374,1.2305,-0.8440000000000001,-0.1447,1.0,Other_Faults
525,563,1054602,1054610,170,44,15,21321,118,134,1687,0,1,200,0.6224,0.4408,0.2105,0.0225,0.8636,0.5333,0.0,2.2304,1.5798,0.9031,-0.7895,-0.0202,0.5029,Other_Faults
425,430,1444004,1444009,17,6,5,2181,122,132,1358,0,1,50,0.6259,0.32,1.0,0.0037,0.8333,1.0,0.5,1.2305,0.6990000000000001,0.6990000000000001,0.0,0.0023,0.1361,Stains
1611,1629,1720569,1720592,263,25,23,24172,59,124,1688,1,0,70,0.0699,0.3647,0.7826,0.0107,0.72,1.0,1.0,2.42,1.2553,1.3617,0.2174,-0.282,0.6781,Bumps
39,189,47299,47376,5757,240,136,600689,38,133,1358,0,1,40,0.0574,0.5016,0.5133,0.1105,0.625,0.5662,0.0,3.7602,2.1761,1.8865,-0.4867,-0.1848,1.0,K_Scatch
243,254,205684,205730,305,37,46,14320,7,86,1692,0,1,300,0.2872,0.3972,0.2391,0.0065,0.2973,1.0,1.0,2.4843,1.0414,1.6628,0.7609,-0.6332,0.7955,Other_Faults
228,253,3458746,3458793,561,57,50,60112,61,124,1362,0,1,40,0.3348,0.5225,0.5319,0.0184,0.4386,0.94,1.0,2.7489999999999997,1.3979,1.6721,0.4681,-0.1629,0.997,Bumps
41,209,4401486,4401544,5533,288,155,584291,43,126,1356,0,1,40,0.0605,0.4322,0.3452,0.1239,0.5833,0.3742,0.0,3.7430000000000003,2.2253,1.7634,-0.6548,-0.175,1.0,K_Scatch
39,190,1735985,1736165,11355,639,388,1299720,31,141,1402,0,1,40,0.0556,0.5822,0.8389,0.1077,0.2363,0.4639,1.0,4.0552,2.1790000000000003,2.2553,0.1611,-0.1058,1.0,K_Scatch
39,214,2886302,2886367,6182,295,138,635475,42,124,1356,0,1,40,0.0575,0.4565,0.3714,0.1291,0.5932,0.47100000000000003,0.0,3.7911,2.2430000000000003,1.8129,-0.6286,-0.1969,1.0,K_Scatch
247,272,244048,244067,235,36,22,29911,119,142,1360,0,1,40,0.3632,0.5053,0.76,0.0184,0.6944,0.8636,0.0,2.3711,1.3979,1.2787,-0.24,-0.0056,0.7598,Other_Faults
1357,1370,3378464,3378474,81,15,10,8996,91,133,1692,1,0,60,0.3806,0.3769,0.7692,0.0077,0.8667,1.0,0.0,1.9085,1.1139,1.0,-0.2308,-0.1323,0.2408,Bumps
742,753,311416,311420,35,13,7,4538,118,140,1658,1,0,143,0.895,0.2045,0.3636,0.0066,0.8461,0.5714,0.0,1.5441,1.0414,0.6021,-0.6364,0.013000000000000001,0.1517,Other_Faults
621,632,2046094,2046183,495,67,90,56735,99,143,1364,0,1,100,0.9106,0.4944,0.1236,0.0081,0.1642,0.9889,1.0,2.6946,1.0414,1.9494,0.8764,-0.1046,0.9891,Dirtiness
816,824,40184,40195,75,8,11,14016,157,206,1387,0,1,40,0.8118,0.1477,0.7273,0.0058,1.0,1.0,1.0,1.8751,0.9031,1.0414,0.2727,0.46,0.1934,K_Scatch
512,524,1261077,1261088,74,15,11,8292,93,132,1364,1,0,70,0.7507,0.4394,0.9167,0.0088,0.8,1.0,0.0,1.8692,1.0792,1.0414,-0.0833,-0.1246,0.2432,Other_Faults
1588,1610,3353146,3353173,408,30,27,37889,57,125,1690,1,0,70,0.0947,0.3131,0.8148,0.013000000000000001,0.7333,1.0,1.0,2.6107,1.3424,1.4314,0.1852,-0.2745,0.8749,Bumps
1310,1316,2413168,2413186,60,16,19,7112,110,127,1352,0,1,40,0.0532,0.4444,0.3333,0.0044,0.375,0.9474,1.0,1.7781,0.7782,1.2553,0.6667,-0.07400000000000001,0.215,Dirtiness
23,32,893638,893649,63,10,11,7769,111,140,1350,0,1,40,0.0341,0.3636,0.8182,0.0067,0.9,1.0,1.0,1.7993,0.9542,1.0414,0.1818,-0.0366,0.2051,Other_Faults
277,292,1151809,1151838,217,32,32,25231,107,126,1376,0,1,40,0.4026,0.5012,0.5172,0.0109,0.4688,0.9063,1.0,2.3365,1.1761,1.4624,0.4828,-0.0916,0.7079,Other_Faults
205,214,2039121,2039135,84,14,14,9767,105,132,1356,0,1,40,0.3024,0.3333,0.6429,0.0066,0.6429,1.0,1.0,1.9243,0.9542,1.1461,0.3571,-0.0916,0.2359,Bumps
41,226,695578,695788,17706,802,537,2147442,24,148,1404,0,1,40,0.0584,0.5443,0.8809,0.1318,0.2307,0.3911,1.0,4.2481,2.2672,2.3222,0.1191,-0.0525,1.0,K_Scatch
112,127,33720,33737,178,16,17,17274,69,125,1692,1,0,80,0.1324,0.302,0.8824,0.0089,0.9375,1.0,1.0,2.2504,1.1761,1.2305,0.1177,-0.2418,0.4219,Bumps
1365,1374,4174907,4174926,115,9,19,9441,44,109,1387,0,1,50,0.0188,0.3275,0.4737,0.0065,1.0,1.0,1.0,2.0607,0.9542,1.2787,0.5263,-0.3586,0.2942,Other_Faults
1087,1119,80993,80996,64,32,7,9247,92,190,1692,1,0,70,0.6773,0.3333,0.0938,0.0189,1.0,0.4286,0.0,1.8062,1.5051,0.4771,-0.9063,0.1288,0.2018,Other_Faults
1061,1082,3420976,3420988,118,28,16,11084,82,111,1366,1,0,80,0.4158,0.5318,0.5714,0.0154,0.75,0.75,0.0,2.0719,1.3222,1.0792,-0.4286,-0.2661,0.41700000000000004,Bumps
41,209,4639210,4639275,5828,296,169,618846,48,126,1358,0,1,40,0.0604,0.4663,0.3869,0.1237,0.5676,0.3846,0.0,3.7655,2.2253,1.8129,-0.6131,-0.1704,1.0,K_Scatch
41,218,1473977,1474044,7017,274,156,723789,36,125,1358,0,1,40,0.0604,0.4083,0.3785,0.1303,0.6459999999999999,0.4295,0.0,3.8461,2.248,1.8261,-0.6215,-0.1942,1.0,K_Scatch
9,18,1743219,1743250,227,22,31,21864,74,126,1698,0,1,90,0.0106,0.1864,0.2903,0.0053,0.4091,1.0,1.0,2.356,0.9542,1.4914,0.7097,-0.2475,0.4613,Pastry
210,224,1761692,1761703,61,17,11,7309,112,132,1356,1,0,70,0.3097,0.6039,0.7857,0.0103,0.8235,1.0,0.0,1.7853,1.1461,1.0414,-0.2143,-0.0639,0.2712,Z_Scratch
1040,1078,3967177,3967197,313,72,35,37460,106,135,1366,1,0,80,0.4217,0.5882,0.5263,0.0278,0.5278,0.5714,0.0,2.4955,1.5798,1.301,-0.4737,-0.065,0.9549,Bumps
39,191,1565555,1565703,13114,618,381,1507625,33,141,1400,0,1,40,0.0557,0.4171,0.9737,0.1086,0.2459,0.3884,0.0,4.1177,2.1818,2.1703,-0.0263,-0.1019,1.0,K_Scatch
237,262,95111,95180,714,79,78,65282,80,103,1692,0,1,300,0.2801,0.5861,0.3623,0.0148,0.3165,0.8846,1.0,2.8537,1.3979,1.8389,0.6377,-0.2857,0.9999,Other_Faults
155,187,673270,673281,129,50,25,16937,123,141,1354,0,1,50,0.2289,0.6335,0.3438,0.0236,0.64,0.44,0.0,2.1106,1.5051,1.0414,-0.6563,0.0257,0.5822,Other_Faults
1440,1450,220121,220146,138,17,25,16548,101,133,1633,0,1,250,0.2241,0.44799999999999995,0.4,0.0061,0.5882,1.0,1.0,2.1399,1.0,1.3979,0.6,-0.0632,0.4138,Other_Faults
144,164,936743,936828,1148,85,94,121595,89,132,1354,1,0,70,0.2127,0.3247,0.2353,0.0148,0.2353,0.9043,1.0,3.0599,1.301,1.9294,0.7647,-0.1725,0.9999,Z_Scratch
41,456,674290,674482,16686,842,562,2013557,19,150,1402,0,1,40,0.0585,0.7906,0.4627,0.29600000000000004,0.4929,0.3416,0.0,4.2224,2.6181,2.2833,-0.5373,-0.0572,1.0,K_Scatch
118,133,125813,125827,128,17,15,14234,87,133,1692,1,0,80,0.1395,0.3905,0.9333,0.0089,0.8824,0.9333,0.0,2.1072,1.1761,1.1461,-0.0667,-0.1312,0.3509,Bumps
1160,1168,1225386,1225405,63,21,19,7273,107,126,1320,0,1,40,0.2303,0.5855,0.4211,0.0061,0.381,1.0,1.0,1.7993,0.9031,1.2787,0.5789,-0.0981,0.2686,Bumps
1331,1344,397980,398111,788,67,137,65200,61,96,1353,0,1,70,0.0133,0.5373,0.0992,0.0096,0.19399999999999998,0.9562,1.0,2.8965,1.1139,2.1173,0.9008,-0.3536,0.9999,Other_Faults
239,269,276029,276047,299,51,22,37820,116,140,1360,0,1,40,0.3515,0.4463,0.6,0.0221,0.5882,0.8182,0.0,2.4757,1.4771,1.2553,-0.4,-0.0118,0.8299,Other_Faults
1318,1329,2287245,2287276,224,25,31,22017,77,126,1364,0,1,100,0.0513,0.3431,0.3548,0.0081,0.44,1.0,1.0,2.3503,1.0414,1.4914,0.6452,-0.2321,0.5642,Bumps
1070,1079,863518,863529,74,13,11,7842,78,132,1652,1,0,100,0.6937,0.2525,0.8182,0.0055,0.6923,1.0,1.0,1.8692,0.9542,1.0414,0.1818,-0.1721,0.2051,Other_Faults
82,98,1951256,1951299,490,38,44,50867,86,118,1354,1,0,70,0.1211,0.2878,0.3721,0.0118,0.4211,0.9773,1.0,2.6902,1.2041,1.6335,0.6279,-0.18899999999999997,0.929,Z_Scratch
1181,1191,210828,210843,99,15,15,10868,92,140,1360,0,1,175,0.2485,0.34,0.6667,0.0074,0.6667,1.0,1.0,1.9956,1.0,1.1761,0.3333,-0.1424,0.266,Other_Faults
181,230,1566427,1566453,312,73,48,40573,122,141,1360,0,1,40,0.2662,0.7551,0.5306,0.036000000000000004,0.6712,0.5417,0.0,2.4941,1.6902,1.415,-0.4694,0.0159,0.9985,Z_Scratch
618,625,2172852,2172874,105,16,23,12094,106,125,1366,0,1,100,0.9048,0.3182,0.3182,0.0051,0.4375,0.9565,1.0,2.0212,0.8451,1.3424,0.6818,-0.1001,0.2712,Dirtiness
1175,1187,2488529,2488541,111,14,12,11868,93,124,1352,1,0,100,0.2441,0.2292,1.0,0.0089,0.8571,1.0,0.5,2.0453,1.0792,1.0792,0.0,-0.1647,0.2583,Bumps
1273,1283,167280,167335,313,33,58,29386,86,103,1353,0,1,185,0.1035,0.4309,0.1818,0.0074,0.303,0.9483,1.0,2.4955,1.0,1.7404,0.8182,-0.2665,0.8391,Other_Faults
1167,1192,294065,294091,451,33,27,42862,25,132,1354,0,1,40,0.2393,0.3061,0.9615,0.0185,0.7576,0.963,1.0,2.6542,1.3979,1.415,0.0385,-0.2575,0.9104,Other_Faults
344,353,2278012,2278020,46,10,8,5003,95,127,1354,1,0,80,0.5081,0.3611,0.8889,0.0066,0.9,1.0,0.0,1.6628,0.9542,0.9031,-0.1111,-0.1503,0.1773,Other_Faults
248,255,3568704,3568718,63,12,14,7202,104,127,1648,1,0,80,0.301,0.3571,0.5,0.0043,0.5833,1.0,1.0,1.7993,0.8451,1.1461,0.5,-0.1069,0.204,Bumps
39,58,933630,933641,100,30,16,12817,123,140,1398,0,1,40,0.0558,0.5215,0.5789,0.0136,0.6333,0.6875,0.0,2.0,1.2787,1.0414,-0.4211,0.0013,0.3494,K_Scatch
118,128,1566617,1566638,126,22,21,13355,90,119,1690,1,0,60,0.1396,0.4,0.4762,0.0059,0.4545,1.0,1.0,2.1004,1.0,1.3222,0.5238,-0.1719,0.3509,Bumps
19,28,877413,877428,114,14,15,11442,81,125,1306,0,1,40,0.0291,0.1556,0.6,0.0069,0.6429,1.0,1.0,2.0569,0.9542,1.1761,0.4,-0.2159,0.2469,Bumps
634,655,5303273,5303295,336,30,25,35912,79,127,1362,0,1,40,0.9309999999999999,0.2727,0.9546,0.0154,0.7,0.88,1.0,2.5263,1.3222,1.3424,0.0454,-0.165,0.7436,Bumps
41,192,1682722,1682891,11711,538,348,1308444,30,135,1402,0,1,40,0.0585,0.5411,0.8935,0.1077,0.2807,0.4856,1.0,4.0686,2.1790000000000003,2.2279,0.1065,-0.1271,1.0,K_Scatch
1261,1281,87951,87967,103,26,22,11682,101,133,1360,1,0,80,0.1162,0.6781,0.8,0.0147,0.7692,0.7273,0.0,2.0128,1.301,1.2041,-0.2,-0.1139,0.5296,Other_Faults
1341,1347,1184511,1184525,51,17,14,4499,51,117,1358,1,0,70,0.0162,0.3929,0.4286,0.0044,0.3529,1.0,1.0,1.7076,0.7782,1.1461,0.5714,-0.3108,0.1892,Z_Scratch
203,222,5521699,5521708,89,32,14,11922,123,150,1650,1,0,69,0.2461,0.4795,0.4737,0.0115,0.5938,0.6429,0.0,1.9494,1.2787,0.9542,-0.5263,0.0465,0.2942,Bumps
1147,1162,41184,41201,194,16,17,19202,68,124,1373,0,1,40,0.3074,0.2392,0.8824,0.0109,0.9375,1.0,1.0,2.2878,1.1761,1.2305,0.1177,-0.2267,0.4219,K_Scatch
31,50,2381257,2381400,1371,114,144,150413,85,132,1356,1,0,70,0.0457,0.4954,0.1329,0.013999999999999999,0.1667,0.9931,1.0,3.137,1.2787,2.1553,0.8671,-0.1429,1.0,Z_Scratch
1021,1036,754445,754492,294,51,49,39987,127,157,1372,0,1,40,0.4898,0.583,0.3192,0.0109,0.2941,0.9592,1.0,2.4683,1.1761,1.6721,0.6809,0.0626,0.9361,Other_Faults
39,51,66522,66578,436,41,56,39043,71,117,1354,1,0,70,0.0576,0.3512,0.2143,0.0089,0.2927,1.0,1.0,2.6395,1.0792,1.7482,0.7857,-0.3004,0.9216,Z_Scratch
1235,1241,1681980,1681985,19,7,6,2420,120,140,1358,0,1,50,0.1723,0.3667,0.8333,0.0044,0.8571,0.8333,0.0,1.2787,0.7782,0.6990000000000001,-0.1667,-0.0049,0.14,Stains
2,15,2629644,2629668,200,23,24,18075,77,110,1686,1,0,60,0.0024,0.359,0.5417,0.0077,0.5652,1.0,1.0,2.301,1.1139,1.3802,0.4583,-0.2939,0.5162,Other_Faults
1507,1516,188768,188800,200,24,32,21691,90,125,1696,0,1,90,0.2123,0.3056,0.2813,0.0053,0.375,1.0,1.0,2.301,0.9542,1.5051,0.7188,-0.1527,0.4763,Pastry
57,81,1022956,1022976,270,31,25,31583,95,135,1694,1,0,80,0.0673,0.4375,0.8333,0.0142,0.7742,0.8,0.0,2.4314,1.3802,1.301,-0.1667,-0.0861,0.7659,Bumps
282,291,455871,455881,67,11,10,7391,96,125,1374,0,1,40,0.4105,0.2556,0.9,0.0066,0.8182,1.0,1.0,1.8261,0.9542,1.0,0.1,-0.1382,0.1954,Bumps
225,346,130372,130421,3228,166,89,260241,38,103,1670,0,1,40,0.2695,0.4556,0.405,0.0725,0.7289,0.5506,0.0,3.5089,2.0828,1.6902,-0.595,-0.3702,1.0,K_Scatch
39,208,1402211,1402348,10904,617,334,1261668,28,141,1402,0,1,40,0.0556,0.529,0.8106,0.1205,0.2739,0.4102,0.0,4.0376,2.2279,2.1367,-0.1893,-0.096,1.0,K_Scatch
6,14,393457,393488,196,11,31,22532,97,134,1687,0,1,200,0.0071,0.2097,0.2581,0.0047,0.7273,1.0,1.0,2.2923,0.9031,1.4914,0.7419,-0.1019,0.4106,Other_Faults
41,189,2215354,2215404,4881,239,110,513464,40,127,1404,0,1,40,0.0584,0.3404,0.3378,0.1054,0.6192,0.4545,0.0,3.6885,2.1703,1.699,-0.6622,-0.1781,1.0,K_Scatch
55,65,1713172,1713184,64,16,13,7286,102,126,1356,1,0,70,0.0811,0.4667,0.8333,0.0074,0.625,0.9231,1.0,1.8062,1.0,1.0792,0.1667,-0.1106,0.2288,Z_Scratch
39,181,125418,125467,4223,198,83,439309,38,127,1360,0,1,40,0.0573,0.3931,0.3451,0.1044,0.7172,0.5904,0.0,3.6256,2.1523,1.6902,-0.6549,-0.1873,1.0,K_Scatch
17,27,2824729,2824741,76,15,12,4643,43,86,1354,1,0,70,0.0251,0.3667,0.8333,0.0074,0.6667,1.0,1.0,1.8808,1.0,1.0792,0.1667,-0.5227,0.2288,Z_Scratch
1601,1613,21349,21376,209,15,27,24807,96,141,1687,0,1,200,0.0877,0.3549,0.4444,0.0071,0.8,1.0,1.0,2.3201,1.0792,1.4314,0.5556,-0.0727,0.5362,Pastry
778,800,534067,534079,104,31,17,10675,89,124,1368,1,0,80,0.8304,0.6061,0.5454,0.0161,0.7097,0.7059,0.0,2.017,1.3424,1.0792,-0.4545,-0.1981,0.4366,Bumps
83,99,690095,690120,279,21,25,30271,61,135,1366,1,0,80,0.1215,0.3025,0.64,0.0117,0.7619,1.0,1.0,2.4456,1.2041,1.3979,0.36,-0.1524,0.6574,Bumps
1051,1063,168407,168485,414,57,78,36600,78,101,1360,0,1,200,0.4368,0.5577,0.1539,0.0088,0.2105,1.0,1.0,2.617,1.0792,1.8921,0.8461,-0.3093,0.9856,Other_Faults
0,5,286956,287014,148,8,58,14298,61,121,1353,0,1,70,0.0,0.4897,0.0862,0.0037,0.625,1.0,1.0,2.1703,0.6990000000000001,1.7634,0.9138,-0.2453,0.4796,Other_Faults
900,916,693632,693638,53,17,8,6697,110,143,1692,1,0,143,0.9173,0.4479,0.375,0.0095,0.9412,0.75,0.0,1.7243,1.2041,0.7782,-0.625,-0.0128,0.2018,Other_Faults
0,9,950080,950188,709,39,108,68984,81,110,1687,1,0,80,0.0,0.2706,0.0833,0.0053,0.2308,1.0,1.0,2.8507,0.9542,2.0334,0.9167,-0.2399,0.9886,Other_Faults
1118,1130,2673603,2673616,118,16,13,14120,103,253,1358,0,1,40,0.3358,0.2436,0.9231,0.0088,0.75,1.0,1.0,2.0719,1.0792,1.1139,0.0769,-0.0652,0.2739,Other_Faults
1111,1121,4032298,4032320,110,20,22,12351,100,127,1354,1,0,200,0.3442,0.5,0.4545,0.0074,0.5,1.0,1.0,2.0414,1.0,1.3424,0.5454,-0.1228,0.3663,Bumps
39,177,2641432,2641500,5480,230,119,588758,53,135,1400,0,1,40,0.0557,0.41600000000000004,0.4927,0.0986,0.6,0.5714,0.0,3.7388,2.1399,1.8325,-0.5073,-0.1606,1.0,K_Scatch
41,213,1637218,1637282,6206,257,128,641502,39,127,1356,0,1,40,0.0605,0.4362,0.3721,0.1268,0.6693,0.5,0.0,3.7928,2.2355,1.8062,-0.6279,-0.1924,1.0,K_Scatch
41,209,2598874,2598935,5962,251,125,626007,41,126,1358,0,1,40,0.0604,0.4182,0.3631,0.1237,0.6693,0.488,0.0,3.7754,2.2253,1.7853,-0.6369,-0.1797,1.0,K_Scatch
0,27,1359864,1359867,63,28,7,7045,80,156,1690,1,0,70,0.0,0.2222,0.1111,0.016,0.9643,0.4286,0.0,1.7993,1.4314,0.4771,-0.8889,-0.1264,0.1862,Other_Faults
1674,1684,1161637,1161649,59,14,12,4717,72,93,1692,1,0,70,0.0095,0.5083,0.8333,0.0059,0.7143,1.0,1.0,1.7708,1.0,1.0792,0.1667,-0.3754,0.2288,Bumps
39,187,2321871,2322028,9582,611,384,1095577,39,140,1404,0,1,40,0.0556,0.5876,0.9427,0.1054,0.2422,0.4089,1.0,3.9815,2.1703,2.1959,0.0573,-0.1067,1.0,K_Scatch
505,522,1998060,1998064,29,18,6,3489,116,126,1358,0,1,50,0.7437,0.5735,0.2353,0.0125,0.9444,0.6667,0.0,1.4624,1.2305,0.6021,-0.7647,-0.0601,0.1734,Other_Faults
39,191,1437715,1437882,12388,631,374,1431766,29,143,1400,0,1,40,0.0557,0.512,0.9102,0.1086,0.2409,0.4465,1.0,4.093,2.1818,2.2227,0.0898,-0.0971,1.0,K_Scatch
235,251,103892,103932,297,48,42,28658,89,108,1692,0,1,300,0.2778,0.5359,0.4,0.0095,0.3333,0.9524,1.0,2.4728,1.2041,1.6021,0.6,-0.2462,0.9048,Other_Faults
1563,1579,173199,173219,174,30,27,20469,106,127,1692,0,1,300,0.1336,0.4563,0.8,0.0095,0.5333,0.7407,1.0,2.2406,1.2041,1.301,0.2,-0.0809,0.5296,Other_Faults
75,154,2595328,2595429,2791,332,207,353617,114,140,1400,0,1,40,0.1071,0.6502,0.7822,0.0564,0.2379,0.4879,1.0,3.4458,1.8976,2.0043,0.2178,-0.0102,1.0,K_Scatch
39,214,2027555,2027621,6592,265,125,687299,44,124,1356,0,1,40,0.0575,0.4293,0.3771,0.1291,0.6604,0.528,0.0,3.819,2.2430000000000003,1.8195,-0.6229,-0.1855,1.0,K_Scatch
1005,1012,53568,53593,83,16,27,14187,161,181,1353,0,1,200,0.5041,0.5257,0.28,0.0052,0.4375,0.9259,1.0,1.9191,0.8451,1.3979,0.72,0.3354,0.2998,Other_Faults
1287,1302,3204829,3204845,191,17,16,20590,67,133,1627,0,1,40,0.3995,0.2042,0.9375,0.0092,0.8824,1.0,1.0,2.281,1.1761,1.2041,0.0625,-0.1578,0.3977,Other_Faults
53,81,2595595,2595643,578,73,68,52482,76,109,1356,1,0,70,0.0782,0.5699,0.5833,0.0206,0.3836,0.7059,1.0,2.7619,1.4472,1.6812,0.4167,-0.2906,0.9990000000000001,Z_Scratch
57,64,766963,766976,36,9,13,2765,64,93,1694,1,0,211,0.0673,0.6044,0.5385,0.0041,0.7778,1.0,1.0,1.5563,0.8451,1.1139,0.4615,-0.4,0.1965,Other_Faults
88,120,1785901,1785930,509,73,60,49765,80,116,1358,1,0,70,0.1296,0.4515,0.9063,0.0236,0.4384,0.4833,0.0,2.7067,1.5051,1.4624,-0.0938,-0.2362,0.9848,Z_Scratch
845,857,189673,189695,103,25,26,13299,122,142,1372,0,1,40,0.7507,0.6098,0.5454,0.0088,0.48,0.8461,1.0,2.0128,1.0792,1.3424,0.4545,0.0087,0.4366,Other_Faults
430,441,100250,100337,630,20,87,62357,64,127,1387,0,1,40,0.62,0.3417,0.1264,0.0079,0.55,1.0,1.0,2.7993,1.0414,1.9395,0.8736,-0.2267,0.9874,Pastry
345,356,822292,822313,170,21,21,18503,82,127,1353,1,0,50,0.51,0.2641,0.5238,0.0081,0.5238,1.0,1.0,2.2304,1.0414,1.3222,0.4762,-0.1497,0.3834,Other_Faults
41,215,1150090,1150255,16968,670,399,1976551,26,143,1400,0,1,40,0.0586,0.409,0.9483,0.1243,0.2597,0.4135,0.0,4.2296,2.2406,2.2175,-0.0517,-0.09,1.0,K_Scatch
805,811,598090,598094,16,6,4,2034,110,140,1360,0,1,50,0.8073,0.3333,0.6667,0.0044,1.0,1.0,0.0,1.2041,0.7782,0.6021,-0.3333,-0.0068,0.1353,Stains
1237,1261,161008,161069,617,125,83,75121,113,133,1354,0,1,40,0.1374,0.5785,0.3934,0.0177,0.192,0.7349,1.0,2.7903,1.3802,1.7853,0.6066,-0.0488,0.9996,Other_Faults
1157,1164,1331507,1331522,62,13,15,7312,109,127,1322,0,1,40,0.239,0.4095,0.4667,0.0053,0.5385,1.0,1.0,1.7924,0.8451,1.1761,0.5333,-0.0786,0.2116,Bumps
621,633,2095554,2095693,975,107,141,121633,108,140,1364,0,1,100,0.9106,0.4155,0.0863,0.0088,0.1121,0.9858,1.0,2.989,1.0792,2.1430000000000002,0.9137,-0.0254,0.9999,Dirtiness
41,198,430771,430836,6376,200,110,659058,54,127,1360,0,1,40,0.0603,0.3752,0.414,0.1154,0.785,0.5909,0.0,3.8045,2.1959,1.8129,-0.586,-0.1925,1.0,K_Scatch
39,195,601086,601148,5786,202,106,600867,41,124,1358,0,1,40,0.0574,0.4018,0.3974,0.1149,0.7723,0.5849,0.0,3.7624,2.1931,1.7924,-0.6026,-0.1887,1.0,K_Scatch
357,378,1090984,1091013,229,53,37,27597,111,134,1372,0,1,40,0.5204,0.624,0.7241,0.0153,0.3962,0.7838,1.0,2.3598,1.3222,1.4624,0.2759,-0.0585,0.8854,Other_Faults
147,172,2975077,2975090,170,28,14,20714,114,132,1356,0,1,40,0.2168,0.4769,0.52,0.0184,0.8929,0.9286,0.0,2.2304,1.3979,1.1139,-0.48,-0.0481,0.5378,K_Scatch
9,18,374580,374591,74,15,11,4347,36,84,1356,1,0,70,0.0133,0.2525,0.8182,0.0066,0.6,1.0,1.0,1.8692,0.9542,1.0414,0.1818,-0.5411,0.2051,Z_Scratch
517,521,203197,203200,9,4,4,1059,107,132,1360,0,1,50,0.7603,0.25,0.75,0.0029,1.0,0.75,0.0,0.9542,0.6021,0.4771,-0.25,-0.0807,0.1262,Stains
39,172,334925,334972,4123,177,90,426267,40,126,1360,0,1,40,0.0573,0.3404,0.3534,0.0978,0.7514,0.5222,0.0,3.6152,2.1239,1.6721,-0.6466,-0.1923,1.0,K_Scatch
1217,1225,1413272,1413276,12,9,4,1509,112,143,1358,0,1,50,0.1959,0.625,0.5,0.0059,0.8889,1.0,0.0,1.0792,0.9031,0.6021,-0.5,-0.0176,0.1417,Stains
1328,1338,2691161,2691189,214,10,28,19762,70,111,1387,0,1,50,0.0707,0.2357,0.3571,0.0072,1.0,1.0,1.0,2.3304,1.0,1.4472,0.6429,-0.2785,0.46299999999999997,Pastry
387,396,695980,696006,169,25,26,17587,96,118,1372,0,1,40,0.5641,0.2778,0.3462,0.0066,0.36,1.0,1.0,2.2279,0.9542,1.415,0.6539,-0.187,0.3882,Other_Faults
976,985,733668,733675,45,10,7,4664,86,126,1694,1,0,100,0.8371,0.2857,0.7778,0.0053,0.9,1.0,0.0,1.6532,0.9542,0.8451,-0.2222,-0.1903,0.1687,Bumps
29,39,1821904,1821917,77,17,13,6861,76,109,1356,1,0,70,0.0428,0.4077,0.7692,0.0074,0.5882,1.0,1.0,1.8865,1.0,1.1139,0.2308,-0.3039,0.2408,Z_Scratch
81,94,162885,162940,395,54,59,41476,92,127,1356,1,0,70,0.1195,0.4475,0.2364,0.0096,0.2407,0.9322,1.0,2.5966,1.1139,1.7404,0.7636,-0.1797,0.94,Z_Scratch
1358,1376,5492080,5492091,110,34,16,14087,113,140,1650,1,0,69,0.3321,0.4444,0.6111,0.0109,0.5294,0.6875,0.0,2.0414,1.2553,1.0414,-0.3889,0.0005,0.3329,Bumps
1381,1447,3515903,3516104,6965,271,317,650853,68,124,1686,1,0,70,0.2835,0.475,0.3284,0.0391,0.2435,0.6341,1.0,3.8429,1.8195,2.3032,0.6716,-0.27,1.0,Other_Faults
309,322,1314894,1314902,61,14,10,6886,102,123,1623,1,0,100,0.3808,0.4135,0.6154,0.008,0.9286,0.8,0.0,1.7853,1.1139,0.9031,-0.3846,-0.1181,0.2105,Other_Faults
762,774,1519328,1519344,149,16,16,16217,95,125,1656,1,0,80,0.9203,0.22399999999999998,0.75,0.0072,0.75,1.0,1.0,2.1732,1.0792,1.2041,0.25,-0.1497,0.3241,Other_Faults
1307,1316,2633467,2633484,96,21,18,11447,108,134,1362,1,0,100,0.0676,0.3726,0.5294,0.0066,0.4286,0.9444,1.0,1.9823,0.9542,1.2305,0.4706,-0.0684,0.2699,Bumps
1444,1457,5996730,5996739,79,19,11,10188,116,140,1648,1,0,69,0.2318,0.3248,0.6923,0.0079,0.6842,0.8182,0.0,1.8976,1.1139,0.9542,-0.3077,0.0075,0.2253,Dirtiness
1332,1347,70219,70241,221,19,22,24230,97,124,1687,1,0,70,0.4031,0.3303,0.6818,0.0089,0.7895,1.0,1.0,2.3444,1.1761,1.3424,0.3182,-0.1435,0.5461,Bumps
1179,1191,1223690,1223696,42,14,7,5558,127,140,1360,0,1,50,0.2485,0.4167,0.5,0.0088,0.8571,0.8571,0.0,1.6233,1.0792,0.7782,-0.5,0.0338,0.1773,Stains
0,12,645933,645992,309,13,59,27035,36,117,1353,0,1,70,0.0,0.5636,0.2034,0.0089,0.9231,1.0,1.0,2.49,1.0792,1.7708,0.7966,-0.3165,0.9373,Other_Faults
367,422,289647,289665,355,116,58,46882,123,143,1360,0,1,40,0.5397,0.6414,0.3273,0.0404,0.4741,0.3103,0.0,2.5502,1.7404,1.2553,-0.6727,0.0317,0.9899,Other_Faults
623,631,309514,309526,60,9,12,4585,62,92,1694,1,0,211,0.7355,0.375,0.6667,0.0047,0.8889,1.0,1.0,1.7781,0.9031,1.0792,0.3333,-0.40299999999999997,0.2018,Pastry
926,935,675316,675327,63,9,11,10518,156,180,1387,0,1,40,0.6518,0.3636,0.8182,0.0065,1.0,1.0,1.0,1.7993,0.9542,1.0414,0.1818,0.3043,0.2051,K_Scatch
49,75,1736811,1736822,120,31,18,12834,90,125,1356,1,0,70,0.0723,0.5804,0.4231,0.0192,0.8387,0.6111,0.0,2.0792,1.415,1.0414,-0.5769,-0.1645,0.4729,Z_Scratch
489,494,847972,847976,16,6,4,2020,106,141,1358,0,1,50,0.7202,0.2,0.8,0.0037,0.8333,1.0,0.0,1.2041,0.6990000000000001,0.6021,-0.2,-0.0137,0.1322,Stains
1363,1372,2128884,2128907,171,9,23,16645,77,111,1373,0,1,40,0.0015,0.1739,0.3913,0.0066,1.0,1.0,1.0,2.233,0.9542,1.3617,0.6087,-0.2395,0.3464,Pastry
41,209,1786253,1786320,6662,266,131,685894,41,124,1358,0,1,40,0.0604,0.4081,0.3988,0.1237,0.6316,0.5114,0.0,3.8236,2.2253,1.8261,-0.6012,-0.1956,1.0,K_Scatch
1122,1134,313348,313360,119,16,12,10350,56,111,1362,1,0,80,0.3348,0.1736,1.0,0.0088,0.75,1.0,0.5,2.0756,1.0792,1.0792,0.0,-0.3205,0.2583,Bumps
41,199,2421293,2421350,5593,239,133,593650,42,127,1402,0,1,40,0.0585,0.379,0.3608,0.1127,0.6611,0.4286,0.0,3.7476,2.1987,1.7559,-0.6392,-0.1708,1.0,K_Scatch
1302,1314,165248,165281,244,24,33,23009,66,124,1358,0,1,175,0.0648,0.3838,0.3636,0.0088,0.5,1.0,1.0,2.3874,1.0792,1.5185,0.6364,-0.2633,0.6514,Other_Faults
41,218,2134009,2134076,6277,286,147,647965,40,126,1358,0,1,40,0.0604,0.4707,0.3785,0.1303,0.6189,0.4558,0.0,3.7977,2.248,1.8261,-0.6215,-0.1935,1.0,K_Scatch
647,667,483796,483808,67,23,13,7595,92,132,1360,0,1,50,0.9515,0.7208,0.6,0.0147,0.8696,0.9231,0.0,1.8261,1.301,1.0792,-0.4,-0.1144,0.3977,Stains
1244,1251,81220,81232,42,12,15,7658,175,190,1353,0,1,200,0.1508,0.5,0.5833,0.0052,0.5833,0.8,1.0,1.6233,0.8451,1.0792,0.4167,0.4245,0.1892,Other_Faults
306,363,2184746,2184752,194,58,10,22315,105,134,1356,0,1,40,0.4513,0.4327,0.1053,0.042,0.9828,0.6,0.0,2.2878,1.7559,0.7782,-0.8947,-0.1014,0.5659,Other_Faults
681,692,564704,564721,147,17,17,14809,78,118,1358,0,1,50,0.9808,0.2139,0.6471,0.0081,0.6471,1.0,1.0,2.1673,1.0414,1.2305,0.3529,-0.213,0.3168,Bumps
933,940,612662,612672,52,9,10,8857,161,182,1387,0,1,40,0.6446,0.2571,0.7,0.005,0.7778,1.0,1.0,1.716,0.8451,1.0,0.3,0.3307,0.1753,K_Scatch
1050,1071,856766,856784,180,33,23,22591,119,135,1376,0,1,40,0.4433,0.5238,0.8571,0.0153,0.6364,0.7826,0.0,2.2553,1.3222,1.2553,-0.1429,-0.0195,0.6236,Other_Faults
847,858,3658081,3658092,84,15,11,8532,83,118,1646,1,0,80,0.9575,0.3058,1.0,0.0067,0.7333,1.0,0.5,1.9243,1.0414,1.0414,0.0,-0.2065,0.23,Bumps
82,89,844704,844729,137,8,25,14907,92,126,1687,0,1,150,0.0972,0.2171,0.28,0.0041,0.875,1.0,1.0,2.1367,0.8451,1.3979,0.72,-0.1499,0.2998,Pastry
39,734,684933,685134,16521,926,591,1992604,21,149,1400,0,1,40,0.0557,0.8817,0.2892,0.4964,0.7505,0.3401,0.0,4.218,2.842,2.3032,-0.7108,-0.0577,1.0,K_Scatch
980,1010,33416,33425,130,33,36,25944,192,212,1353,0,1,100,0.507,0.5185,0.3,0.0222,0.9091,0.25,0.0,2.1139,1.4771,0.9542,-0.7,0.5591,0.4465,Other_Faults
1251,1276,2371628,2371646,203,40,31,26321,121,141,1600,0,1,40,0.405,0.5489,0.72,0.0156,0.625,0.5806,0.0,2.3075,1.3979,1.2553,-0.28,0.013000000000000001,0.7281,Other_Faults
787,1316,3544454,3544490,8391,609,343,991612,103,140,1364,0,1,40,0.0704,0.5594,0.068,0.3878,0.8686,0.105,0.0,3.9238,2.7235,1.5563,-0.9319,-0.0768,1.0,Bumps
1206,1216,1802452,1802460,67,11,8,7164,92,124,1362,1,0,120,0.2144,0.1625,0.8,0.0073,0.9091,1.0,0.0,1.8261,1.0,0.9031,-0.2,-0.1646,0.1852,Other_Faults
1170,1184,1038876,1038891,113,27,18,14982,125,142,1362,1,0,70,0.2614,0.4619,0.9333,0.0103,0.5185,0.8333,1.0,2.0531,1.1461,1.1761,0.0667,0.0358,0.3509,Other_Faults
50,71,143784,143858,578,73,90,67901,100,132,1353,0,1,120,0.0739,0.6281,0.2838,0.0155,0.2877,0.8222,1.0,2.7619,1.3222,1.8692,0.7162,-0.0822,0.9998,Dirtiness
760,772,1147869,1147880,99,18,11,9347,61,119,1362,1,0,70,0.8664,0.25,0.9167,0.0088,0.6667,1.0,0.0,1.9956,1.0792,1.0414,-0.0833,-0.2624,0.2432,Other_Faults
543,548,1819724,1819728,16,5,4,2028,111,143,1360,0,1,50,0.7985,0.2,0.8,0.0037,1.0,1.0,0.0,1.2041,0.6990000000000001,0.6021,-0.2,-0.0098,0.1322,Stains
21,74,5367324,5367377,784,66,54,82565,67,133,1648,1,0,80,0.0255,0.7209,1.0,0.0322,0.8029999999999999,0.9815,0.5,2.8943,1.7243,1.7243,0.0,-0.1772,1.0,Other_Faults
130,153,197701,197718,240,47,18,30130,118,140,1360,0,1,40,0.1912,0.3862,0.7391,0.0169,0.4894,0.9444,0.0,2.3802,1.3617,1.2305,-0.2609,-0.0192,0.6438,Other_Faults
1207,1214,882674,882712,120,35,39,15035,118,135,1362,0,1,175,0.2173,0.5489,0.1842,0.0051,0.2,0.9744,1.0,2.0792,0.8451,1.5798,0.8158,-0.0212,0.4399,Z_Scratch
41,194,2339627,2339797,9183,602,355,1059263,40,141,1404,0,1,40,0.0584,0.6469,0.9,0.109,0.2542,0.4789,1.0,3.963,2.1847,2.2304,0.1,-0.0988,1.0,K_Scatch
365,396,3866538,3866570,638,44,36,56456,53,126,1364,1,0,80,0.5352,0.3568,0.9688,0.0227,0.7046,0.8889,1.0,2.8048,1.4914,1.5051,0.0313,-0.3087,0.99,Other_Faults
798,808,225718,225742,170,23,24,21545,118,141,1370,0,1,40,0.8204,0.2917,0.4167,0.0073,0.4348,1.0,1.0,2.2304,1.0,1.3802,0.5833,-0.0099,0.3977,Other_Faults
498,509,261713,261732,144,17,19,15785,88,132,1356,0,1,40,0.7345,0.311,0.5789,0.0081,0.6471,1.0,1.0,2.1584,1.0414,1.2787,0.4211,-0.1436,0.3494,Bumps
705,727,5071808,5071831,282,38,27,30746,77,126,1356,1,0,200,0.9277,0.4427,0.9565,0.0162,0.5789,0.8518,1.0,2.4502,1.3424,1.3617,0.0435,-0.1482,0.7955,Other_Faults
130,188,2638000,2638062,1685,181,101,208514,115,135,1358,0,1,40,0.1915,0.5314,0.9355,0.0427,0.3204,0.6139,1.0,3.2266,1.7634,1.7924,0.0645,-0.0332,1.0,K_Scatch
1589,1599,3826564,3826588,154,20,24,13678,69,108,1650,1,0,69,0.0618,0.3583,0.4167,0.0061,0.5,1.0,1.0,2.1875,1.0,1.3802,0.5833,-0.3061,0.3977,Pastry
856,871,531684,531693,54,23,16,7145,125,143,1362,0,1,40,0.721,0.6,0.6,0.011000000000000001,0.6522,0.5625,0.0,1.7324,1.1761,0.9542,-0.4,0.0337,0.2469,Other_Faults
501,531,2455610,2455644,617,53,43,65563,70,135,1688,1,0,60,0.5936,0.3951,0.8824,0.0178,0.5660000000000001,0.7907,1.0,2.7903,1.4771,1.5315,0.1177,-0.1698,0.9917,Bumps
171,182,1804039,1804048,69,12,9,8210,99,143,1688,1,0,100,0.2026,0.303,0.8182,0.0065,0.9167,1.0,0.0,1.8389,1.0414,0.9542,-0.1818,-0.0704,0.2051,Other_Faults
1002,1021,28972,28984,128,29,16,13352,96,116,1360,0,1,40,0.4985,0.4386,0.6316,0.013999999999999999,0.6552,0.75,0.0,2.1072,1.2787,1.0792,-0.3684,-0.1851,0.3787,Other_Faults
39,182,65059,65121,4471,248,116,470165,39,135,1360,0,1,40,0.0573,0.4957,0.4336,0.1051,0.5766,0.5345,0.0,3.6504,2.1553,1.7924,-0.5664,-0.1785,1.0,K_Scatch
189,199,1290093,1290103,64,11,10,7736,103,145,1690,1,0,60,0.2237,0.36,1.0,0.0059,0.9091,1.0,0.5,1.8062,1.0,1.0,0.0,-0.0557,0.2061,Bumps
161,193,851460,851553,1784,90,99,202537,95,135,1354,1,0,70,0.2378,0.4005,0.3441,0.0236,0.3556,0.9394,1.0,3.2514,1.5051,1.9685,0.6559,-0.113,1.0,Z_Scratch
298,312,128172,128184,131,16,13,7119,33,78,1354,1,0,300,0.4402,0.2202,0.8571,0.0103,0.875,0.9231,0.0,2.1173,1.1461,1.0792,-0.1429,-0.5754,0.2901,Other_Faults
14,24,149048,149070,150,12,22,17566,99,140,1687,0,1,200,0.0166,0.3182,0.4545,0.0059,0.8333,1.0,1.0,2.1761,1.0,1.3424,0.5454,-0.0851,0.3663,Other_Faults
936,944,639848,639857,65,9,9,11132,161,182,1387,0,1,40,0.6388,0.0972,0.8889,0.0058,0.8889,1.0,1.0,1.8129,0.9031,0.9542,0.1111,0.33799999999999997,0.1773,K_Scatch
550,567,4625112,4625136,194,26,24,21649,99,126,1360,0,1,40,0.8088,0.5245,0.7083,0.0125,0.6539,1.0,1.0,2.2878,1.2305,1.3802,0.2917,-0.1282,0.6693,Bumps
1327,1332,2062989,2063003,55,11,14,6074,102,124,1354,0,1,40,0.0325,0.2143,0.3571,0.0037,0.4545,1.0,1.0,1.7404,0.6990000000000001,1.1461,0.6429,-0.1372,0.1753,Bumps
0,12,864919,865043,745,42,125,55239,56,94,1687,1,0,80,0.0,0.4993,0.0968,0.0071,0.2857,0.992,1.0,2.8722,1.0792,2.0934,0.9032,-0.4207,0.9996,Other_Faults
41,190,1892225,1892384,12515,626,397,1452456,37,141,1400,0,1,40,0.0586,0.4717,0.9371,0.1064,0.23800000000000002,0.4005,1.0,4.0974,2.1732,2.2014,0.0629,-0.0933,1.0,K_Scatch
814,823,119924,119932,52,10,8,4695,74,103,1662,1,0,100,0.9795,0.2778,0.8889,0.0054,0.9,1.0,0.0,1.716,0.9542,0.9031,-0.1111,-0.2946,0.1773,Bumps
883,917,745600,745614,254,42,25,31667,116,135,1362,0,1,50,0.6535,0.4664,0.4118,0.025,0.8095,0.56,0.0,2.4048,1.5315,1.1461,-0.5882,-0.026000000000000002,0.7609999999999999,Other_Faults
1449,1461,2083961,2083975,108,17,14,10704,69,127,1690,1,0,70,0.271,0.3571,0.8571,0.0071,0.7059,1.0,1.0,2.0334,1.0792,1.1461,0.1429,-0.2257,0.2901,Bumps
496,527,3889348,3889402,1176,67,60,117153,56,124,1668,0,1,40,0.5947,0.2975,0.5741,0.0186,0.4627,0.9,1.0,3.0704,1.4914,1.7324,0.4259,-0.2217,0.9999,Bumps
609,621,6791894,6791907,101,16,13,11579,101,127,1362,0,1,40,0.8943,0.3526,0.9231,0.0088,0.75,1.0,1.0,2.0043,1.0792,1.1139,0.0769,-0.1044,0.2739,Bumps
64,203,7765518,7765576,4364,185,108,479531,74,132,1360,0,1,40,0.0941,0.4587,0.4173,0.1022,0.7513,0.537,0.0,3.6399,2.1430000000000002,1.7634,-0.5827,-0.1415,1.0,K_Scatch
0,13,235757,235999,1934,82,246,178741,11,127,1353,0,1,70,0.0,0.3853,0.0537,0.0096,0.1585,0.9837,1.0,3.2865,1.1139,2.3838,0.9463,-0.278,1.0,Other_Faults
1125,1142,11499942,11499957,178,19,16,20778,105,132,1360,0,1,40,0.3206,0.302,0.8824,0.0125,0.8947,0.9375,0.0,2.2504,1.2305,1.1761,-0.1177,-0.08800000000000001,0.4219,Other_Faults
24,33,2089982,2089996,94,13,14,8943,78,109,1690,1,0,60,0.0284,0.254,0.6429,0.0053,0.6923,1.0,1.0,1.9731,0.9542,1.1461,0.3571,-0.2567,0.2359,Bumps
1200,1220,971714,971922,1804,175,211,214243,101,135,1360,0,1,175,0.2059,0.5663,0.0962,0.0147,0.1143,0.9858,1.0,3.2562,1.301,2.3181,0.9039,-0.0722,1.0,Z_Scratch
765,771,879259,879265,16,9,8,2069,123,140,1358,0,1,50,0.8645,0.5556,1.0,0.0044,0.6667,0.75,0.5,1.2041,0.7782,0.7782,0.0,0.0103,0.1449,Stains
43,218,1981417,1981492,7327,234,119,750685,35,126,1358,0,1,40,0.0633,0.4417,0.4286,0.1289,0.7479,0.6302,0.0,3.8649,2.2430000000000003,1.8751,-0.5714,-0.1996,1.0,K_Scatch
39,216,2662735,2662807,6664,328,172,690169,33,124,1358,0,1,40,0.0574,0.4771,0.4068,0.1303,0.5396,0.4186,0.0,3.8237,2.248,1.8573,-0.5932,-0.1909,1.0,K_Scatch
9,25,2583771,2583780,71,19,12,6886,84,111,1356,1,0,70,0.0133,0.5069,0.5625,0.0118,0.8421,0.75,0.0,1.8513,1.2041,0.9542,-0.4375,-0.2423,0.2583,Z_Scratch
39,218,979651,979800,15937,745,463,1847157,31,141,1398,0,1,40,0.0558,0.4025,0.8324,0.128,0.2403,0.3218,0.0,4.2024,2.2529,2.1732,-0.1676,-0.0945,1.0,K_Scatch
581,590,230644,230704,433,22,60,38917,62,111,1687,0,1,150,0.6888,0.1981,0.15,0.0053,0.4091,1.0,1.0,2.6365,0.9542,1.7781,0.85,-0.2978,0.8299,Pastry
1065,1084,3160062,3160080,147,26,24,14121,85,124,1364,1,0,80,0.4106,0.5702,0.9474,0.0139,0.7308,0.75,0.0,2.1673,1.2787,1.2553,-0.0526,-0.2495,0.5659,Bumps
93,171,2410724,2410794,2027,255,129,259127,118,141,1402,0,1,40,0.1327,0.6288,0.8974,0.0556,0.3059,0.5426,0.0,3.3068,1.8921,1.8451,-0.1026,-0.0013,1.0,K_Scatch
1327,1332,1738096,1738114,72,15,18,8542,111,132,1358,0,1,40,0.0383,0.2,0.2778,0.0037,0.3333,1.0,1.0,1.8573,0.6990000000000001,1.2553,0.7222,-0.0731,0.1954,Dirtiness
516,528,1346892,1346908,143,15,16,14742,76,125,1353,0,1,70,0.7628,0.2552,0.75,0.0089,0.8,1.0,1.0,2.1553,1.0792,1.2041,0.25,-0.1946,0.3241,Bumps
1571,1585,689792,689890,861,78,98,90154,91,126,1696,0,1,90,0.1309,0.3724,0.1429,0.0082,0.1795,1.0,1.0,2.935,1.1461,1.9912,0.8571,-0.182,0.9992,Pastry
545,583,425925,425936,162,46,27,17260,99,126,1360,0,1,40,0.8015,0.6124,0.2895,0.0279,0.8261,0.4074,0.0,2.2095,1.5798,1.0414,-0.7105,-0.1676,0.6839,Other_Faults
20,31,1048964,1048986,158,18,22,17923,106,125,1373,0,1,40,0.0291,0.3471,0.5,0.008,0.6111,1.0,1.0,2.1987,1.0414,1.3424,0.5,-0.1138,0.4009,Other_Faults
1073,1088,433186,433198,143,15,12,14669,61,127,1686,1,0,70,0.7094,0.2056,0.8,0.0089,1.0,1.0,0.0,2.1553,1.1761,1.0792,-0.2,-0.1986,0.3068,Bumps
41,222,1018714,1018885,16220,780,453,1877827,19,141,1400,0,1,40,0.0586,0.47600000000000003,0.9448,0.1293,0.2321,0.3775,0.0,4.2101,2.2577,2.233,-0.0553,-0.0955,1.0,K_Scatch
89,217,7612933,7612982,3961,175,99,431127,66,127,1360,0,1,40,0.1309,0.3685,0.3828,0.0941,0.7314,0.4949,0.0,3.5978,2.1072,1.6902,-0.6172,-0.1497,1.0,K_Scatch
160,170,252936,252958,97,24,23,12775,123,142,1364,0,1,185,0.2346,0.5591,0.4545,0.0073,0.4167,0.9565,1.0,1.9868,1.0,1.3424,0.5454,0.0289,0.3663,Other_Faults
781,801,1045940,1045960,178,60,39,22761,120,135,1353,0,1,70,0.816,0.555,1.0,0.0148,0.3333,0.5128,0.5,2.2504,1.301,1.301,0.0,-0.001,0.6574,Other_Faults
1603,1613,1995544,1995586,308,25,42,22991,55,94,1656,1,0,80,0.0519,0.2667,0.2381,0.006,0.4,1.0,1.0,2.4885,1.0,1.6233,0.7619,-0.4168,0.6868,Other_Faults
756,762,1110856,1110861,16,6,5,2015,111,142,1358,0,1,50,0.8778,0.4667,0.8333,0.0044,1.0,1.0,0.0,1.2041,0.7782,0.6990000000000001,-0.1667,-0.0161,0.14,Stains
1036,1054,960191,960202,61,30,17,6116,86,124,1360,1,0,300,0.45,0.6919,0.6111,0.0132,0.6,0.6471,0.0,1.7853,1.2553,1.0414,-0.3889,-0.2167,0.3329,Other_Faults
550,558,2426501,2426519,109,15,18,12587,103,135,1708,1,0,100,0.644,0.2431,0.4444,0.0047,0.5333,1.0,1.0,2.0374,0.9031,1.2553,0.5556,-0.0978,0.2583,Other_Faults
63,92,3212692,3212695,58,29,10,7618,100,165,1690,1,0,70,0.0746,0.3333,0.1035,0.0172,1.0,0.3,0.0,1.7634,1.4624,0.4771,-0.8965,0.0261,0.1923,Other_Faults
696,706,762234,762239,26,13,7,3330,120,140,1358,0,1,50,0.9602,0.48,0.5,0.0074,0.7692,0.7143,0.0,1.415,1.0,0.6990000000000001,-0.5,0.0006,0.1569,Stains
346,357,900068,900098,182,29,30,22232,115,133,1370,0,1,40,0.5051,0.4485,0.3667,0.008,0.3793,1.0,1.0,2.2601,1.0414,1.4771,0.6333,-0.0457,0.5461,Other_Faults
0,10,1701480,1701528,210,36,48,17413,73,100,1333,0,1,40,0.0,0.5625,0.2083,0.0075,0.2778,1.0,1.0,2.3222,1.0,1.6812,0.7917,-0.3522,0.7659,Pastry
1260,1271,552783,552815,208,24,32,22478,84,126,1350,0,1,50,0.11699999999999999,0.4091,0.3438,0.0082,0.4583,1.0,1.0,2.3181,1.0414,1.5051,0.6563,-0.1557,0.5822,Pastry
312,322,10391495,10391507,88,13,12,9643,91,126,1358,0,1,40,0.4595,0.2667,0.8333,0.0074,0.7692,1.0,1.0,1.9445,1.0,1.0792,0.1667,-0.1439,0.2288,Bumps
6,17,363701,363718,140,11,17,14533,76,125,1687,0,1,200,0.0071,0.2513,0.6471,0.0065,1.0,1.0,1.0,2.1461,1.0414,1.2305,0.3529,-0.18899999999999997,0.3168,Other_Faults
41,213,2119822,2119881,6025,283,147,624180,39,124,1360,0,1,40,0.0603,0.4063,0.34299999999999997,0.1265,0.6078,0.4014,0.0,3.78,2.2355,1.7708,-0.657,-0.1906,1.0,K_Scatch
1155,1187,2574964,2574980,162,37,34,18471,104,127,1623,1,0,100,0.5373,0.6836,0.5,0.0197,0.8649,0.4706,0.0,2.2095,1.5051,1.2041,-0.5,-0.1092,0.8019,Other_Faults
505,515,106604,106668,284,42,69,31062,97,119,1687,0,1,150,0.5987,0.5562,0.1563,0.0059,0.2381,0.9275,1.0,2.4533,1.0,1.8062,0.8438,-0.1455,0.9048,Pastry
374,382,303204,303209,24,10,5,3166,124,140,1364,0,1,130,0.5484,0.4,0.625,0.0059,0.8,1.0,0.0,1.3802,0.9031,0.6990000000000001,-0.375,0.0306,0.1483,Other_Faults
1188,1202,142256,142260,34,14,5,4385,121,143,1366,0,1,60,0.2401,0.3929,0.2857,0.0103,1.0,0.8,0.0,1.5315,1.1461,0.6021,-0.7143,0.0076,0.1622,Other_Faults
37,212,2829521,2829590,6426,275,134,668126,37,119,1356,0,1,40,0.0546,0.4678,0.3943,0.1291,0.6364,0.5149,0.0,3.8079,2.2430000000000003,1.8389,-0.6057,-0.1877,1.0,K_Scatch
39,216,1945941,1946007,7038,262,133,735371,42,126,1358,0,1,40,0.0574,0.3975,0.3729,0.1303,0.6756,0.4962,0.0,3.8475,2.248,1.8195,-0.6271,-0.1837,1.0,K_Scatch
375,386,1063504,1063527,170,18,23,18052,79,127,1698,0,1,60,0.4417,0.3281,0.4783,0.0065,0.6111,1.0,1.0,2.2304,1.0414,1.3617,0.5217,-0.1704,0.4187,Pastry
16,26,1377748,1377782,257,21,34,31058,91,151,1356,1,0,70,0.0236,0.2441,0.2941,0.0074,0.4762,1.0,1.0,2.4099,1.0,1.5315,0.7059,-0.0559,0.5626,Pastry
83,92,2519944,2519955,55,13,12,6782,114,135,1354,1,0,70,0.1226,0.4444,0.8182,0.0066,0.6923,0.9167,1.0,1.7404,0.9542,1.0414,0.1818,-0.0366,0.2051,Other_Faults
126,137,31146,31164,119,19,19,22198,179,197,1353,0,1,200,0.1863,0.39899999999999997,0.6111,0.0081,0.5789,0.9474,1.0,2.0756,1.0414,1.2553,0.3889,0.4573,0.3329,Other_Faults
1,18,117422,117551,1125,63,131,140521,101,151,1687,0,1,200,0.0012,0.48700000000000004,0.1318,0.0101,0.2698,0.9847,1.0,3.0512,1.2305,2.1106,0.8682,-0.0242,1.0,Other_Faults
919,928,2702154,2702164,72,14,10,7551,82,132,1356,1,0,80,0.6313,0.2,0.9,0.0066,0.6429,1.0,1.0,1.8573,0.9542,1.0,0.1,-0.1807,0.1954,Bumps
1588,1602,2338856,2338875,169,20,19,14689,64,103,1654,1,0,80,0.0629,0.3647,0.7368,0.0085,0.7,1.0,1.0,2.2279,1.1461,1.2787,0.2632,-0.321,0.4399,Bumps
26,40,2535272,2535292,205,24,21,26503,108,148,1354,1,0,70,0.0384,0.2679,0.7,0.0103,0.5833,0.9524,1.0,2.3117,1.1461,1.301,0.3,0.01,0.46299999999999997,Z_Scratch
450,458,1009978,1009999,98,16,21,10784,96,132,1690,1,0,60,0.5325,0.4167,0.381,0.0047,0.5,1.0,1.0,1.9912,0.9031,1.3222,0.6191,-0.1403,0.2901,Pastry
519,528,14524,14551,160,22,29,12173,70,86,1394,0,1,220,0.7446,0.3416,0.3333,0.0065,0.4091,0.9309999999999999,1.0,2.2041,0.9542,1.4314,0.6667,-0.4056,0.4025,Other_Faults
905,916,1046618,1046624,41,12,7,4162,88,117,1687,1,0,100,0.914,0.3788,0.5454,0.0065,0.9167,0.8571,0.0,1.6128,1.0414,0.7782,-0.4545,-0.2069,0.1715,Other_Faults
244,275,923170,923211,709,84,55,83627,105,132,1352,1,0,70,0.3609,0.4422,0.7561,0.0229,0.369,0.7455,1.0,2.8507,1.4914,1.6128,0.2439,-0.0785,0.9984,Z_Scratch
1162,1174,1895154,1895167,71,21,15,9944,131,151,1364,1,0,120,0.2786,0.5449,0.9231,0.0088,0.5714,0.8667,1.0,1.8513,1.0792,1.1139,0.0769,0.0942,0.2739,Other_Faults
301,307,1095698,1095703,16,7,5,2001,119,134,1356,0,1,50,0.4439,0.4667,0.8333,0.0044,0.8571,1.0,0.0,1.2041,0.7782,0.6990000000000001,-0.1667,-0.0229,0.14,Stains
20,37,1978821,1978842,185,29,24,18517,88,119,1354,1,0,70,0.0295,0.4818,0.8095,0.0126,0.5862,0.875,1.0,2.2672,1.2305,1.3222,0.1905,-0.218,0.5903,Z_Scratch
262,274,849219,849235,139,15,16,14610,71,126,1690,1,0,120,0.3101,0.276,0.75,0.0071,0.8,1.0,1.0,2.1430000000000002,1.0792,1.2041,0.25,-0.1788,0.3241,Bumps
295,308,12725281,12725314,291,20,33,28711,68,126,1358,0,1,40,0.4345,0.3217,0.3939,0.0096,0.65,1.0,1.0,2.4639,1.1139,1.5185,0.6061,-0.2292,0.6995,Pastry
54,62,3971234,3971359,583,75,125,60497,89,126,1366,0,1,40,0.0791,0.41700000000000004,0.064,0.0059,0.1067,1.0,1.0,2.7657,0.9031,2.0969,0.9359999999999999,-0.1893,0.9905,Other_Faults
41,56,1939590,1939602,117,22,14,11647,89,110,1356,1,0,70,0.0605,0.35,0.8,0.0111,0.6818,0.8571,0.0,2.0682,1.1761,1.0792,-0.2,-0.2223,0.3068,Z_Scratch
41,194,1711137,1711281,10913,634,359,1248379,25,141,1402,0,1,40,0.0585,0.5047,0.9412,0.1091,0.2413,0.4011,0.0,4.0379,2.1847,2.1584,-0.0588,-0.1063,1.0,K_Scatch
113,155,263975,264160,3297,367,270,414252,113,143,1394,0,1,220,0.1621,0.5757,0.22699999999999998,0.0301,0.1144,0.6852,1.0,3.5181,1.6233,2.2672,0.773,-0.0184,1.0,Other_Faults
189,203,238753,238766,63,20,14,8140,118,141,1364,0,1,40,0.2771,0.6539,0.9286,0.0103,0.7,0.9286,0.0,1.7993,1.1461,1.1139,-0.0714,0.0094,0.3097,Other_Faults
192,218,1283513,1283536,244,39,25,30769,113,140,1652,1,0,69,0.2324,0.5920000000000001,0.8846,0.0157,0.6667,0.92,0.0,2.3874,1.415,1.3617,-0.1154,-0.0148,0.8778,Other_Faults
182,211,402237,402266,268,98,55,35565,125,143,1364,0,1,40,0.2669,0.6813,1.0,0.0213,0.2959,0.5273,0.5,2.4281,1.4624,1.4624,0.0,0.0368,0.9732,Other_Faults
196,209,652754,652766,54,22,22,6470,110,129,1467,1,0,100,0.2672,0.6539,0.9231,0.0089,0.5909,0.5454,0.0,1.7324,1.1139,1.0792,-0.0769,-0.064,0.2739,Other_Faults
472,478,10440356,10440367,42,10,12,4998,112,125,1360,0,1,40,0.6941,0.3636,0.5454,0.0044,0.6,0.9167,1.0,1.6233,0.7782,1.0414,0.4545,-0.0703,0.1715,Other_Faults
206,220,138169,138184,104,29,18,11981,108,125,1362,0,1,200,0.3025,0.5048,0.9333,0.0103,0.4828,0.8333,1.0,2.017,1.1461,1.1761,0.0667,-0.1,0.3509,Other_Faults
1197,1210,61803,61826,122,30,28,13961,107,127,1394,0,1,120,0.264,0.5920000000000001,0.5652,0.0093,0.4333,0.8214,1.0,2.0864,1.1139,1.3617,0.4348,-0.106,0.4946,Other_Faults
309,320,574196,574216,156,17,20,15848,74,127,1362,0,1,100,0.4537,0.2909,0.55,0.0081,0.6471,1.0,1.0,2.1931,1.0414,1.301,0.45,-0.2063,0.3663,Bumps
833,856,276547,276554,80,24,12,9778,103,143,1692,1,0,143,0.9846,0.5031,0.3043,0.0136,0.9583,0.5833,0.0,1.9031,1.3617,0.8451,-0.6956,-0.0451,0.2806,Other_Faults
625,631,1934306,1934337,127,19,31,13897,99,125,1364,0,1,100,0.9164,0.3172,0.1936,0.0044,0.3158,1.0,1.0,2.1038,0.7782,1.4914,0.8065,-0.1451,0.3154,Dirtiness
715,732,5260241,5260250,116,18,10,12530,88,134,1650,1,0,69,0.8667,0.2418,0.5294,0.0103,0.9444,0.9,0.0,2.0645,1.2305,0.9542,-0.4706,-0.1561,0.2699,Bumps
624,635,2014210,2014317,477,82,107,53536,96,132,1364,0,1,100,0.915,0.5947,0.1028,0.0081,0.1341,1.0,1.0,2.6785,1.0414,2.0294,0.8972,-0.1232,0.9971,Dirtiness
1675,1684,663138,663171,167,23,33,10526,35,84,1688,1,0,150,0.0047,0.4377,0.2727,0.0053,0.3913,1.0,1.0,2.2227,0.9542,1.5185,0.7273,-0.5076,0.4913,Other_Faults
1037,1055,2195695,2195707,78,29,18,9512,111,135,1370,1,0,80,0.4599,0.6389,0.6667,0.0131,0.6207,0.6667,0.0,1.8921,1.2553,1.0792,-0.3333,-0.0473,0.3601,Other_Faults
1,222,486069,486291,22554,999,605,2712104,27,150,1400,0,1,40,0.0014,0.5403,0.9955,0.1579,0.2212,0.3669,1.0,4.3532,2.3444,2.3463,0.0045,-0.0606,1.0,K_Scatch
1253,1263,2860158,2860168,76,13,10,7943,79,125,1688,1,0,70,0.5035,0.24,1.0,0.0059,0.7692,1.0,0.5,1.8808,1.0,1.0,0.0,-0.1835,0.2061,Other_Faults
69,81,2001776,2001794,119,20,18,11516,84,117,1352,1,0,70,0.1021,0.4491,0.6667,0.0089,0.6,1.0,1.0,2.0756,1.0792,1.2553,0.3333,-0.244,0.3601,Z_Scratch
367,440,795618,795659,2108,80,61,175110,6,119,1387,0,1,40,0.5292,0.2957,0.5616,0.0526,0.9125,0.6721,0.0,3.3239,1.8633,1.6128,-0.4384,-0.35100000000000003,1.0,K_Scatch
39,226,876673,876871,18954,749,482,2236201,25,143,1400,0,1,40,0.0557,0.4881,0.9444,0.1336,0.2497,0.4108,1.0,4.2777,2.2718,2.2967,0.0556,-0.0783,1.0,K_Scatch
39,194,498190,498252,5877,211,110,612067,47,126,1358,0,1,40,0.0574,0.3884,0.4,0.1141,0.7346,0.5636,0.0,3.7692,2.1903,1.7924,-0.6,-0.1864,1.0,K_Scatch
41,185,2460355,2460408,5357,181,90,764,123,134,1402,0,1,40,0.0585,0.2981,0.3681,0.1027,0.7956,0.5889,0.0,3.7289,2.1584,1.7243,-0.6319,-0.9989,1.0,K_Scatch
41,189,1853169,1853339,10880,649,409,1245114,33,141,1400,0,1,40,0.0586,0.5676,0.8706,0.1057,0.228,0.4157,1.0,4.0366,2.1703,2.2304,0.1294,-0.1059,1.0,K_Scatch
593,603,3384541,3384556,101,15,15,11431,99,125,1376,0,1,40,0.8619,0.3267,0.6667,0.0073,0.6667,1.0,1.0,2.0043,1.0,1.1761,0.3333,-0.1158,0.266,Bumps
822,842,820681,820708,304,30,28,34001,85,133,1360,0,1,175,0.7618,0.43700000000000006,0.7407,0.0147,0.6667,0.9643,1.0,2.4829,1.301,1.4314,0.2593,-0.1262,0.8299,Bumps
1259,1302,3928519,3928612,2400,96,95,260185,69,132,1664,0,1,40,0.4351,0.3999,0.4624,0.0258,0.4479,0.9790000000000001,1.0,3.3802,1.6335,1.9685,0.5376,-0.153,1.0,Bumps
1474,1489,1248833,1248844,114,18,12,13680,101,141,1694,1,0,60,0.242,0.3091,0.7333,0.0088,0.8333,0.9167,0.0,2.0569,1.1761,1.0414,-0.2667,-0.0625,0.28600000000000003,Bumps
0,9,35152,35164,61,10,12,10855,168,189,1387,0,1,40,0.0,0.4352,0.75,0.0065,0.9,1.0,1.0,1.7853,0.9542,1.0792,0.25,0.3902,0.215,K_Scatch
3,223,333373,333576,21110,1138,597,2554885,21,148,1402,0,1,40,0.0043,0.5273,0.9227,0.1569,0.1933,0.34,0.0,4.3245,2.3424,2.3075,-0.0773,-0.0545,1.0,K_Scatch
251,275,256288,256329,430,73,59,49094,93,127,1692,0,1,300,0.2967,0.563,0.5854,0.0142,0.3288,0.6949,1.0,2.6335,1.3802,1.6128,0.4146,-0.10800000000000001,0.9895,Other_Faults
1641,1664,769086,769100,186,35,18,19132,87,125,1694,1,0,80,0.0354,0.4224,0.6087,0.0136,0.6571,0.7778,0.0,2.2695,1.3617,1.1461,-0.3913,-0.1964,0.5329,Bumps
853,860,369370,369415,176,13,45,18996,99,126,1353,0,1,290,0.7287,0.4413,0.1556,0.0052,0.5385,1.0,1.0,2.2455,0.8451,1.6532,0.8444,-0.1568,0.5212,Pastry
1151,1162,866291,866302,85,14,11,10211,111,134,1396,0,1,120,0.3352,0.2975,1.0,0.0079,0.7857,1.0,0.5,1.9294,1.0414,1.0414,0.0,-0.0615,0.23,Other_Faults
233,345,98402,98450,3340,169,93,265172,35,103,1670,0,1,40,0.27899999999999997,0.3787,0.4286,0.0671,0.6627,0.5161,0.0,3.5238,2.0492,1.6812,-0.5714,-0.3797,1.0,K_Scatch
25,33,3277804,3277821,91,15,17,10957,105,141,1658,1,0,100,0.0302,0.3309,0.4706,0.0048,0.5333,1.0,1.0,1.959,0.9031,1.2305,0.5294,-0.0593,0.2482,Other_Faults
893,907,3264755,3264786,263,31,31,28320,86,126,1690,0,1,70,0.9266,0.39399999999999996,0.4516,0.0083,0.4516,1.0,1.0,2.42,1.1461,1.4914,0.5484,-0.1587,0.7065,Other_Faults
449,549,2212600,2212608,368,110,35,43968,111,133,1356,0,1,40,0.6622,0.54,0.08,0.0737,0.9091,0.2286,0.0,2.5659,2.0,0.9031,-0.92,-0.0666,0.965,Other_Faults
85,96,1398904,1398914,61,12,11,6834,102,124,1358,1,0,70,0.1252,0.4455,0.9091,0.0081,0.9167,0.9091,0.0,1.7853,1.0414,1.0,-0.0909,-0.1247,0.2173,Z_Scratch
41,221,1228221,1228359,11348,595,357,1302540,27,143,1400,0,1,40,0.0586,0.5432,0.7667,0.1286,0.3025,0.3866,0.0,4.0549,2.2553,2.1399,-0.2333,-0.1033,1.0,K_Scatch
382,392,172773,172798,137,18,26,23072,161,175,1353,0,1,100,0.5647,0.452,0.4,0.0074,0.5556,0.9615,1.0,2.1367,1.0,1.3979,0.6,0.3157,0.4138,Other_Faults
1164,1173,466028,466057,202,15,29,21408,85,122,1353,0,1,70,0.2661,0.2261,0.3103,0.0066,0.6,1.0,1.0,2.3054,0.9542,1.4624,0.6897,-0.172,0.4317,Bumps
1182,1185,171874,171878,8,3,4,958,108,135,1362,0,1,50,0.2599,0.3333,0.75,0.0022,1.0,1.0,1.0,0.9031,0.4771,0.6021,0.25,-0.0645,0.1262,Stains
673,695,890920,890940,290,28,22,26213,43,124,1710,1,0,100,0.7871,0.3409,0.9091,0.0129,0.7857,0.9091,0.0,2.4624,1.3424,1.301,-0.0909,-0.2938,0.7147,Bumps
179,193,1280228,1280256,266,23,28,24547,49,126,1626,0,1,120,0.2202,0.3214,0.5,0.0086,0.6087,1.0,1.0,2.4249,1.1461,1.4472,0.5,-0.27899999999999997,0.6453,Pastry
520,546,186833,186914,1006,120,96,116653,104,127,1392,0,1,220,0.7471,0.5223,0.321,0.0187,0.2167,0.8438,1.0,3.0026,1.415,1.9085,0.679,-0.0941,1.0,Other_Faults
1085,1103,975066,975076,96,25,16,9265,86,126,1358,1,0,300,0.3756,0.4667,0.5556,0.0132,0.72,0.625,0.0,1.9823,1.2553,1.0,-0.4444,-0.24600000000000002,0.3068,Other_Faults
583,589,983183,983189,17,9,7,2198,122,142,1354,0,1,50,0.8612,0.5278,1.0,0.0044,0.6667,0.8571,0.5,1.2305,0.7782,0.7782,0.0,0.0101,0.1449,Stains
765,774,4157586,4157620,188,20,34,20528,95,125,1648,1,0,69,0.9284,0.3856,0.2647,0.0055,0.45,1.0,1.0,2.2742,0.9542,1.5315,0.7353,-0.1469,0.5063,Pastry
1289,1301,1132484,1132492,61,16,13,7145,105,127,1687,1,0,80,0.4576,0.3646,0.6667,0.0071,0.75,0.6154,0.0,1.7853,1.0792,0.9031,-0.3333,-0.0849,0.2018,Other_Faults
221,236,1658742,1658769,245,37,33,27599,100,124,1354,1,0,70,0.3264,0.3951,0.5556,0.0111,0.4054,0.8182,1.0,2.3892,1.1761,1.4314,0.4444,-0.1199,0.6648,Z_Scratch
1060,1080,3402848,3402864,125,29,20,11804,81,108,1364,1,0,80,0.4164,0.6094,0.8,0.0147,0.6897,0.8,0.0,2.0969,1.301,1.2041,-0.2,-0.2623,0.5296,Bumps
0,14,1041924,1042036,862,37,113,69375,63,101,1687,1,0,80,0.0,0.4503,0.125,0.0083,0.3784,0.9912,1.0,2.9355,1.1461,2.0492,0.875,-0.3712,0.9998,Other_Faults
778,782,1292292,1292296,12,4,4,1537,112,149,1360,0,1,50,0.85,0.25,1.0,0.0029,1.0,1.0,0.5,1.0792,0.6021,0.6021,0.0,0.0007,0.1292,Stains
1038,1051,2506147,2506159,101,16,12,10318,74,124,1364,1,0,80,0.4589,0.3526,0.9231,0.0095,0.8125,1.0,0.0,2.0043,1.1139,1.0792,-0.0769,-0.2019,0.2739,Bumps
1279,1288,435870,435883,96,9,13,14369,128,164,1387,0,1,40,0.1427,0.1795,0.6923,0.0065,1.0,1.0,1.0,1.9823,0.9542,1.1139,0.3077,0.1693,0.2253,K_Scatch
23,40,2669665,2669677,94,24,16,10847,104,126,1354,1,0,70,0.034,0.5392,0.7059,0.0126,0.7083,0.75,0.0,1.9731,1.2305,1.0792,-0.2941,-0.0985,0.3419,Z_Scratch
315,341,530471,530483,116,32,19,14912,121,142,1360,0,1,100,0.4632,0.6282,0.4615,0.0191,0.8125,0.6316,0.0,2.0645,1.415,1.0792,-0.5385,0.0043,0.5162,Bumps
1246,1267,260406,260425,235,36,23,23782,87,119,1356,0,1,40,0.1313,0.41100000000000003,0.9048,0.0155,0.5833,0.8261,0.0,2.3711,1.3222,1.2787,-0.0952,-0.2094,0.6559,Other_Faults
39,175,409491,409539,3920,166,88,407163,45,125,1360,0,1,40,0.0573,0.3995,0.3529,0.1,0.8193,0.5454,0.0,3.5933,2.1335,1.6812,-0.6471,-0.1885,1.0,K_Scatch
1230,1244,86773,86815,279,58,51,35410,118,141,1396,0,1,120,0.2178,0.5255,0.3333,0.01,0.2414,0.8235,1.0,2.4456,1.1461,1.6233,0.6667,-0.0085,0.8705,Other_Faults
513,534,620622,620684,657,53,62,73236,71,132,1374,0,1,40,0.7467,0.4954,0.3387,0.0153,0.3962,1.0,1.0,2.8176,1.3222,1.7924,0.6613,-0.1291,0.9987,Other_Faults
390,402,2513153,2513182,247,14,29,26419,88,126,1387,0,1,50,0.5624,0.2902,0.4138,0.0087,0.8571,1.0,1.0,2.3927,1.0792,1.4624,0.5862,-0.1644,0.5757,Bumps
1056,1077,4364066,4364076,106,35,22,10747,89,116,1362,1,0,80,0.4185,0.4952,0.4762,0.0154,0.6,0.4545,0.0,2.0253,1.3222,1.0,-0.5238,-0.2079,0.3509,Bumps
1329,1332,1508691,1508724,74,12,33,8995,112,132,1352,0,1,40,0.0296,0.2525,0.0909,0.0022,0.25,1.0,1.0,1.8692,0.4771,1.5185,0.9091,-0.0504,0.2051,Other_Faults
545,559,86815,86886,500,83,76,49038,86,110,1392,0,1,220,0.7831,0.49700000000000005,0.1972,0.0101,0.1687,0.9342,1.0,2.699,1.1461,1.8513,0.8028,-0.2338,0.9902,Other_Faults
325,361,58567,58747,2059,134,200,374117,169,199,1387,0,1,40,0.4686,0.6823,0.2,0.026000000000000002,0.2687,0.9,1.0,3.3137,1.5563,2.2553,0.8,0.4195,1.0,Other_Faults
10,32,718425,718521,964,106,103,53750,29,84,1356,1,0,70,0.0148,0.5436,0.2292,0.0162,0.2076,0.932,1.0,2.9841,1.3424,1.9823,0.7708,-0.5644,1.0,Z_Scratch
1121,1128,1789332,1789337,17,9,6,2240,115,150,1360,0,1,50,0.3412,0.5143,0.7143,0.0052,0.7778,0.8333,0.0,1.2305,0.8451,0.6990000000000001,-0.2857,0.0294,0.1441,Stains
803,814,135392,135403,98,14,11,10137,84,126,1358,0,1,200,0.8012,0.1901,1.0,0.0081,0.7857,1.0,0.5,1.9912,1.0414,1.0414,0.0,-0.1919,0.23,Bumps
1345,1358,5550892,5550899,51,14,11,6525,120,141,1650,1,0,69,0.3539,0.4396,0.5385,0.0079,0.9286,0.6364,0.0,1.7076,1.1139,0.8451,-0.4615,-0.0005,0.1965,Bumps
244,261,184455,184498,460,49,44,46972,86,111,1692,0,1,300,0.2884,0.3707,0.3954,0.01,0.3469,0.9773,1.0,2.6628,1.2305,1.6335,0.6047,-0.2022,0.9457,Other_Faults
979,989,891060,891079,107,18,19,12543,110,132,1372,0,1,40,0.5583,0.4368,0.5263,0.0073,0.5556,1.0,1.0,2.0294,1.0,1.2787,0.4737,-0.0842,0.3212,Other_Faults
39,212,1299230,1299402,11875,657,387,1375431,32,143,1398,0,1,40,0.0558,0.6009,0.9942,0.1238,0.2633,0.4444,0.0,4.0746,2.238,2.2355,-0.0058,-0.0951,1.0,K_Scatch
1515,1528,1206028,1206040,113,14,12,10683,75,110,1624,1,0,70,0.1182,0.2756,0.9231,0.008,0.9286,1.0,0.0,2.0531,1.1139,1.0792,-0.0769,-0.2614,0.2739,Bumps
547,588,2084580,2084619,860,57,44,95173,91,132,1708,1,0,100,0.6405,0.4622,0.9512,0.024,0.7193,0.8864,0.0,2.9345,1.6128,1.5911,-0.0488,-0.1354,0.9998,Other_Faults
897,925,1410869,1410896,361,51,35,46442,121,143,1362,0,1,50,0.6417,0.5225,0.9643,0.0206,0.5489999999999999,0.7714,0.0,2.5575,1.4472,1.4314,-0.0357,0.0051,0.9537,Other_Faults
1283,1297,324225,324243,140,22,19,16020,105,126,1358,0,1,40,0.0898,0.4444,0.7778,0.0103,0.6364,0.9474,1.0,2.1461,1.1461,1.2553,0.2222,-0.106,0.41700000000000004,Bumps
1144,1158,113260,113277,120,26,17,15146,117,140,1372,0,1,40,0.3119,0.4958,0.8235,0.0102,0.5385,1.0,1.0,2.0792,1.1461,1.2305,0.1765,-0.0139,0.3945,Other_Faults
386,394,1304617,1304626,51,10,9,5795,100,133,1624,1,0,70,0.4754,0.2917,0.8889,0.0049,0.8,1.0,1.0,1.7076,0.9031,0.9542,0.1111,-0.1123,0.1773,Bumps
753,820,141196,141297,2243,241,195,297086,122,142,1627,0,1,40,0.9256,0.6685,0.6634,0.0412,0.278,0.5179,1.0,3.3508,1.8261,2.0043,0.3366,0.0348,1.0,Other_Faults
1627,1637,2637324,2637334,68,10,10,6567,83,109,1690,1,0,60,0.0627,0.32,1.0,0.0059,1.0,1.0,0.5,1.8325,1.0,1.0,0.0,-0.2455,0.2061,Bumps
1348,1360,662867,662880,106,16,14,10152,73,124,1696,1,0,80,0.3962,0.3205,0.9231,0.0071,0.75,0.9286,1.0,2.0253,1.0792,1.1139,0.0769,-0.2518,0.2739,Bumps
1281,1289,212793,212803,56,9,10,5712,89,117,1366,0,1,100,0.1127,0.3,0.8,0.0059,0.8889,1.0,1.0,1.7482,0.9031,1.0,0.2,-0.2031,0.1852,Other_Faults
723,734,3857540,3857548,78,13,8,8757,87,132,1688,1,0,70,0.8566,0.1136,0.7273,0.0065,0.8461,1.0,0.0,1.8921,1.0414,0.9031,-0.2727,-0.1229,0.1934,Bumps
460,534,1082731,1082953,7579,591,431,917886,95,141,1356,1,0,70,0.6785,0.5386,0.3333,0.0546,0.1252,0.5151,1.0,3.8796,1.8692,2.3463,0.6667,-0.0538,1.0,Z_Scratch
41,213,4348250,4348321,6137,284,145,649137,48,125,1356,0,1,40,0.0605,0.4975,0.4128,0.1268,0.6056,0.4897,0.0,3.7880000000000003,2.2355,1.8513,-0.5872,-0.1736,1.0,K_Scatch
109,121,560425,560445,124,18,20,13549,97,124,1352,1,0,70,0.1612,0.4833,0.6,0.0089,0.6667,1.0,1.0,2.0934,1.0792,1.301,0.4,-0.1464,0.3977,Z_Scratch
1317,1327,222011,222032,145,16,21,13334,67,118,1650,1,0,100,0.3915,0.3095,0.4762,0.0061,0.625,1.0,1.0,2.1614,1.0,1.3222,0.5238,-0.2816,0.3509,Other_Faults
530,538,508200,508224,169,9,24,18067,87,127,1687,1,0,80,0.6283,0.1198,0.3333,0.0047,0.8889,1.0,1.0,2.2279,0.9031,1.3802,0.6667,-0.1648,0.3241,Other_Faults
451,465,2550845,2551201,2705,213,359,197957,28,126,1364,1,0,80,0.6613,0.4573,0.0393,0.0103,0.0657,0.9916,1.0,3.4322,1.1461,2.5515,0.9607,-0.4283,1.0,Pastry
372,381,1131516,1131524,38,11,8,4304,96,125,1690,1,0,60,0.4402,0.4722,0.8889,0.0053,0.8182,1.0,0.0,1.5798,0.9542,0.9031,-0.1111,-0.1151,0.1773,Bumps
748,758,1199744,1199753,67,12,10,7367,87,134,1690,1,0,60,0.8852,0.2556,0.9,0.0059,0.8333,0.9,0.0,1.8261,1.0,0.9542,-0.1,-0.141,0.1954,Bumps
1287,1299,1005865,1005895,184,25,30,18593,85,119,1650,1,0,100,0.4254,0.4889,0.4,0.0073,0.48,1.0,1.0,2.2648,1.0792,1.4771,0.6,-0.2106,0.5951,Pastry
817,843,66196,66362,1421,142,185,141034,47,126,1666,0,1,40,0.9808,0.6708,0.1566,0.0156,0.1831,0.8973,1.0,3.1526,1.415,2.2201,0.8434,-0.2246,1.0,Pastry
129,140,970962,970972,66,14,10,7537,101,131,1684,1,0,60,0.1532,0.4,0.9091,0.0065,0.7857,1.0,0.0,1.8195,1.0414,1.0,-0.0909,-0.1078,0.2173,Bumps
184,205,1901970,1901975,58,22,7,7050,111,135,1356,1,0,70,0.2714,0.4476,0.2381,0.0155,0.9546,0.7143,0.0,1.7634,1.3222,0.6990000000000001,-0.7619,-0.0504,0.2116,Z_Scratch
989,1000,800963,800972,68,13,10,7457,91,125,1364,1,0,70,0.5337,0.3131,0.8182,0.0081,0.8461,0.9,0.0,1.8325,1.0414,0.9542,-0.1818,-0.1433,0.2051,Other_Faults
6,17,402394,402418,145,13,24,17419,111,135,1687,0,1,200,0.0071,0.4508,0.4583,0.0065,0.8461,1.0,1.0,2.1614,1.0414,1.3802,0.5417,-0.0615,0.4366,Other_Faults
436,453,1120537,1120571,369,18,34,41469,52,148,1687,0,1,150,0.5169,0.3616,0.5,0.0101,0.9444,1.0,1.0,2.5669999999999997,1.2305,1.5315,0.5,-0.122,0.8627,Other_Faults
747,758,949136,949144,71,14,8,7768,96,126,1698,0,1,60,0.8799,0.1932,0.7273,0.0065,0.7857,1.0,0.0,1.8513,1.0414,0.9031,-0.2727,-0.1452,0.1934,Other_Faults
625,635,1954598,1954686,540,57,88,60109,95,127,1364,0,1,100,0.9164,0.3864,0.1136,0.0073,0.1754,1.0,1.0,2.7324,1.0,1.9445,0.8864,-0.1304,0.9792,Dirtiness
1094,1108,75122,75139,197,14,17,22098,89,132,1353,0,1,185,0.3622,0.1723,0.8235,0.0104,1.0,1.0,1.0,2.2945,1.1461,1.2305,0.1765,-0.1236,0.3945,Other_Faults
1069,1090,2993390,2993405,113,40,21,10613,82,116,1364,1,0,80,0.4018,0.6413,0.7143,0.0154,0.525,0.7143,0.0,2.0531,1.3222,1.1761,-0.2857,-0.2663,0.5212,Bumps
586,616,1862942,1862979,767,42,37,55228,12,134,1624,1,0,70,0.7217,0.309,0.8108,0.0185,0.7143,1.0,1.0,2.8848,1.4771,1.5682,0.1892,-0.4375,0.9954,Bumps
64,95,417618,418215,10914,481,604,1096282,21,141,1362,0,1,60,0.094,0.4103,0.0519,0.0228,0.0645,0.9884,1.0,4.038,1.4914,2.7760000000000002,0.9481,-0.2153,1.0,Pastry
156,192,713788,714056,5044,167,282,570911,11,143,1687,0,1,150,0.1849,0.4772,0.1343,0.0213,0.2156,0.9503,1.0,3.7028,1.5563,2.4281,0.8657,-0.1157,1.0,Pastry
616,622,2182058,2182079,82,14,21,9584,109,126,1366,0,1,100,0.9019,0.3492,0.2857,0.0044,0.4286,1.0,1.0,1.9138,0.7782,1.3222,0.7143,-0.0869,0.2359,Dirtiness
1121,1135,507537,507548,114,17,11,11979,67,132,1688,1,0,70,0.6552,0.2597,0.7857,0.0083,0.8235,1.0,0.0,2.0569,1.1461,1.0414,-0.2143,-0.1791,0.2712,Bumps
61,99,4757479,4757628,1970,210,181,29002,0,39,1346,1,0,100,0.0906,0.6521,0.255,0.0282,0.18100000000000002,0.8232,1.0,3.2945,1.5798,2.1732,0.745,-0.885,1.0,Other_Faults
17,27,1859616,1859633,80,23,17,4931,41,84,1356,1,0,70,0.0251,0.5294,0.5882,0.0074,0.4348,1.0,1.0,1.9031,1.0,1.2305,0.4118,-0.5185,0.2928,Z_Scratch
39,208,2410802,2410860,5632,286,141,591111,45,125,1356,0,1,40,0.0575,0.4254,0.3432,0.1246,0.5909,0.4114,0.0,3.7507,2.2279,1.7634,-0.6568,-0.18,1.0,Other_Faults
41,192,1647218,1647385,13699,587,352,1585785,37,141,1402,0,1,40,0.0585,0.4568,0.9042,0.1077,0.2572,0.4744,1.0,4.1367,2.1790000000000003,2.2227,0.0958,-0.0956,1.0,K_Scatch
1043,1053,1082240,1082248,64,12,8,7296,97,132,1687,1,0,80,0.7516,0.2,0.8,0.0059,0.8333,1.0,0.0,1.8062,1.0,0.9031,-0.2,-0.1094,0.1852,Other_Faults
1067,1103,4532922,4532948,364,99,60,41956,99,133,1358,1,0,100,0.3756,0.6111,0.7222,0.0265,0.3636,0.4333,0.0,2.5611,1.5563,1.415,-0.2778,-0.0995,0.9856,Bumps
242,252,1137747,1137757,55,20,14,6483,109,127,1354,1,0,70,0.3575,0.45,1.0,0.0074,0.5,0.7143,0.5,1.7404,1.0,1.0,0.0,-0.0791,0.2061,Z_Scratch
41,210,1445593,1445656,6294,262,153,656298,45,125,1358,0,1,40,0.0604,0.4089,0.3728,0.1244,0.645,0.4118,0.0,3.7989,2.2279,1.7993,-0.6272,-0.1854,1.0,K_Scatch
541,573,2978904,2978933,529,47,32,58088,91,133,1354,1,0,70,0.7991,0.43,0.9063,0.0236,0.6809,0.9063,0.0,2.7235,1.5051,1.4624,-0.0938,-0.1421,0.9848,Other_Faults
1211,1229,840091,840385,1733,206,294,185716,93,133,1362,0,1,175,0.1953,0.6725,0.0612,0.0132,0.0874,1.0,1.0,3.2388,1.2553,2.4683,0.9388,-0.1628,1.0,Z_Scratch
1067,1077,450677,450688,82,14,11,8485,90,116,1712,1,0,100,0.7418,0.2546,0.9091,0.0058,0.7143,1.0,1.0,1.9138,1.0,1.0414,0.0909,-0.1916,0.2173,Other_Faults
950,957,852041,852053,63,9,12,7758,115,141,1360,0,1,175,0.5926,0.25,0.5833,0.0052,0.7778,1.0,1.0,1.7993,0.8451,1.0792,0.4167,-0.038,0.1892,Bumps
356,367,1411801,1411815,75,19,16,7384,89,109,1358,1,0,70,0.5243,0.513,0.7857,0.0081,0.5789,0.875,1.0,1.8751,1.0414,1.1461,0.2143,-0.2308,0.2712,Z_Scratch
35,210,1029360,1029531,14963,779,468,1720418,22,141,1398,0,1,40,0.0501,0.5,0.9771,0.1252,0.2246,0.3654,0.0,4.175,2.2430000000000003,2.233,-0.0229,-0.1017,1.0,K_Scatch
